"1";"Vasil"
"2";"Basile"
"3";"Geneviève"
"4";"Odlion"
"5";"Edouard"
"6";"Fanny"
"7";"Ivan"
"8";"Lucien"
"9";"Alix"
"10";"Guillaume"
"11";"Paulin"
"12";"Tatiana"
"13";"Yvette"
"14";"Nina"
"15";"Rémi"
"16";"Marcel"
"17";"Roseline"
"18";"Prisca"
"19";"Marius"
"20";"Sébastien"
"21";"Agnès"
"22";"Vincent"
"23";"Barnard"
"24";"François"
"25";"Paule"
"26";"Mélanie"
"27";"Angèle"
"28";"Thomas"
"29";"Gildas"
"30";"Martine"
"31";"Marcelle"
"32";"Ella"
"33";"Théophane"
"34";"Blaise"
"35";"Véronique"
"36";"Agathe"
"37";"Gaston"
"38";"Eugénie"
"39";"Jacqueline"
"40";"Apolline"
"41";"Arnaud"
"42";"Eloise"
"43";"Félix"
"44";"Béatrice"
"45";"Valentin"
"46";"Claude"
"47";"Julienne"
"48";"Alexis"
"49";"Bernadette"
"50";"Gabin"
"51";"Aimée"
"52";"Damien"
"53";"Isabelle"
"54";"Lazare"
"55";"Modeste"
"56";"Roméo"
"57";"Alexandre"
"58";"Honorine"
"59";"Romain"
"60";"Auguste"
"61";"Aubin"
"62";"Charles"
"63";"Guénolé"
"64";"Casimir"
"65";"Olive"
"66";"Colette"
"67";"Félicité"
"68";"femmes"
"69";"Françoise"
"70";"Vivien"
"71";"Rosine"
"72";"Justine"
"73";"Rodrigue"
"74";"Mathilde"
"75";"Louise"
"76";"Bénédicte"
"77";"Patrice"
"78";"Cyrille"
"79";"Joseph"
"80";"Alexandra"
"81";"Clémence"
"82";"Léa"
"83";"Victorien"
"84";"Kathleen"
"85";"Umberto"
"86";"Larissa"
"87";"Albert"
"88";"Gontran"
"89";"Gladys"
"90";"Amédée"
"91";"Benjamin"
"92";"Hugues"
"93";"Sandrine"
"94";"Richard"
"95";"Isidore"
"96";"Irène"
"97";"Perrine"
"98";"Jean-Baptiste"
"99";"Julie"
"100";"Gauchers"
"101";"Fulbert"
"102";"Stanislas"
"103";"Jules"
"104";"Ida"
"105";"Maxime"
"106";"Paterne"
"107";"Benoît-Joseph"
"108";"Anicet"
"109";"Parfait"
"110";"Emma"
"111";"Odette"
"112";"Anselme"
"113";"Alexandre"
"114";"Georges"
"115";"Fidèle"
"116";"Marc"
"117";"Aldo"
"118";"Zita"
"119";"Valérie"
"120";"Catherine"
"121";"Robert"
"122";"Jérémie"
"123";"Boris"
"124";"Philippe"
"125";"Sylvain"
"126";"Judith"
"127";"Prudence"
"128";"Gisèle"
"129";"Lou"
"130";"Pacôme"
"131";"Solange"
"132";"Estelle"
"133";"Achille"
"134";"Rolande"
"135";"Matthias"
"136";"Denise"
"137";"Honoré"
"138";"Pascal"
"139";"Eric"
"140";"Yves"
"141";"Bernardin"
"142";"Constantin"
"143";"Emile"
"144";"Didier"
"145";"Donatien"
"146";"Sophie"
"147";"Bérenger"
"148";"Brunon"
"149";"Germain"
"150";"Géraldine"
"151";"Ferdinand"
"152";"Perrine"
"153";"Justin"
"154";"Blandine"
"155";"Kévin"
"156";"Clotilde"
"157";"Igor"
"158";"Norbert"
"159";"Gilbert"
"160";"Médard"
"161";"Félicien"
"162";"Diane"
"163";"Barnabé"
"164";"Guy"
"165";"Antoine"
"166";"Elisée"
"167";"Germaine"
"168";"Régis"
"169";"Hervé"
"170";"Léonce"
"171";"Romuald"
"172";"Silvère"
"173";"Rodolphe"
"174";"Alban"
"175";"Audrey"
"176";"Jean-Baptiste"
"177";"Prosper"
"178";"Anthelme"
"179";"Fernand"
"180";"Irénée"
"181";"Pierre"
"182";"Martial"
"183";"Thierry"
"184";"Martinien"
"185";"Thomas"
"186";"Florent"
"187";"Zoé"
"188";"Maria"
"189";"Raoul"
"190";"Thibaut"
"191";"Amandine"
"192";"Ulrich"
"193";"Benoît"
"194";"Olivier"
"195";"Henri"
"196";"Camille"
"197";"Donald"
"198";"Carmel"
"199";"Charlotte"
"200";"Frédéric"
"201";"Arsène"
"202";"Marine"
"203";"Victor"
"204";"Madeleine"
"205";"Brigitte"
"206";"Christine"
"207";"Jacques"
"208";"Anne"
"209";"Nathalie"
"210";"Samson"
"211";"Marthe"
"212";"Juliette"
"213";"Ignace"
"214";"Alphonse"
"215";"Julien"
"216";"Lydie"
"217";"Jean-Marie"
"218";"Abel"
"219";"Octavia"
"220";"Gaétan"
"221";"Dominique"
"222";"Amour"
"223";"Laurent"
"224";"Claire"
"225";"Clarisse"
"226";"Hyppolyte"
"227";"Evrard"
"228";"Marie"
"229";"Armel"
"230";"Jeanne"
"231";"Hélène"
"232";"Eudes"
"233";"Bernard"
"234";"Christophe"
"235";"Fabrice"
"236";"Rose"
"237";"Barthélémy"
"238";"Louis"
"239";"Natacha"
"240";"Monique"
"241";"Augustin"
"242";"Sabine"
"243";"Fantine"
"244";"Aristide"
"245";"Gilles"
"246";"Ingrid"
"247";"Grégoire"
"248";"Rosalie"
"249";"Raissa"
"250";"Bertrand"
"251";"Reine"
"252";"Hadrien"
"253";"Alain"
"254";"Inès"
"255";"Adelphe"
"256";"Apollinaire"
"257";"Aimé"
"258";"Cyprien"
"259";"Roland"
"260";"Edith"
"261";"Renaud"
"262";"Nadège"
"263";"Émilie"
"264";"Jean-Charles"
"265";"Matthieu"
"266";"Maurice"
"267";"Constant"
"268";"Anatole"
"269";"Hermann"
"270";"Côme"
"271";"Enzo"
"272";"Venceslas"
"273";"Michel"
"274";"Jérôme"
"275";"Thérèse"
"276";"Léger"
"277";"Gérard"
"278";"François"
"279";"Fleur"
"280";"Bruno"
"281";"Serge"
"282";"Pélagie"
"283";"Denis"
"284";"Hugo"
"285";"Firmin"
"286";"Wilfried"
"287";"Géraud"
"288";"Eléonore"
"289";"Aurélie"
"290";"Margaux"
"291";"Baudouin"
"292";"Luc"
"293";"René"
"294";"Adeline"
"295";"Céline"
"296";"Elodie"
"297";"Odeline"
"298";"Florentin"
"299";"Crépin"
"300";"Dimitri"
"301";"Emeline"
"302";"Jude"
"303";"Narcisse"
"304";"Maéva"
"305";"Quentin"
"306";"Cassandre"
"307";"Victorine"
"308";"Hubert"
"309";"Charles"
"310";"Sylvie"
"311";"Bertille"
"312";"Carine"
"313";"Geoffroy"
"314";"Théodore"
"315";"Léon"
"316";"Martin"
"317";"Christian"
"318";"Brice"
"319";"Sidoine"
"320";"Albert"
"321";"Marguerite"
"322";"Elisabeth"
"323";"Aude"
"324";"Tanguy"
"325";"Edmond"
"326";"Dimitri"
"327";"Cécile"
"328";"Clément"
"329";"Flora"
"330";"Catherine"
"331";"Delphine"
"332";"Séverin"
"333";"Karine"
"334";"Saturnin"
"335";"André"
"336";"Florence"
"337";"Viviane"
"338";"Xavier"
"339";"Barbara"
"340";"Gérald"
"341";"Nicolas"
"342";"Ambroise"
"343";"Thibaut"
"344";"Léo"
"345";"Lalie"
"346";"Daniel"
"347";"Coralie"
"348";"Lucie"
"349";"Odile"
"350";"Ninon"
"351";"Alice"
"352";"Gaël"
"353";"Gatien"
"354";"Urbain"
"355";"Jacob"
"356";"Jade"
"357";"Xavière"
"358";"Armand"
"359";"Adèle"
"360";"Emmanuel"
"361";"Étienne"
"362";"Jean"
"363";"Gaspard"
"364";"David"
"365";"Roger"
"366";"Sylvestre"